what,kind,bundleId,bundleVersion,description,time
started,bundle,org.eclipse.mylyn.commons.notifications.core,1.0.0.v20120612-0600,"org.eclipse.mylyn.commons.notifications.core",1351636641743
started,bundle,org.eclipse.mylyn.commons.notifications.feed,1.0.0.v20120612-0600,"org.eclipse.mylyn.commons.notifications.feed",1351636641744
started,bundle,org.eclipse.mylyn.commons.notifications.ui,1.0.0.v20120612-0600,"org.eclipse.mylyn.commons.notifications.ui",1351636641745
started,bundle,org.eclipse.mylyn.commons.ui,3.8.0.v20120612-0600,"org.eclipse.mylyn.commons.ui",1351636641746
started,bundle,org.eclipse.mylyn.commons.workbench,3.8.0.v20120612-0600,"org.eclipse.mylyn.commons.workbench",1351636641746
started,bundle,org.eclipse.mylyn.context.core,3.8.0.v20120612-0600,"org.eclipse.mylyn.context.core",1351636641747
started,bundle,org.eclipse.mylyn.context.tasks.ui,3.8.0.v20120612-0600,"org.eclipse.mylyn.context.tasks.ui",1351636641748
started,bundle,org.eclipse.mylyn.monitor.ui,3.8.0.v20120612-0600,"org.eclipse.mylyn.monitor.ui",1351636641748
started,bundle,org.eclipse.mylyn.tasks.index.core,3.8.0.v20120612-0600,"org.eclipse.mylyn.tasks.index.core",1351636641749
started,bundle,org.eclipse.mylyn.tasks.ui,3.8.0.v20120612-0600,"org.eclipse.mylyn.tasks.ui",1351636641771
started,bundle,org.eclipse.mylyn.team.ui,3.8.0.v20120612-0600,"org.eclipse.mylyn.team.ui",1351636641772
started,bundle,org.eclipse.wb.discovery.core,1.5.0.r42x201206111213,"org.eclipse.wb.discovery.core",1351636641772
started,bundle,org.eclipse.wb.discovery.ui,1.5.0.r42x201206111213,"org.eclipse.wb.discovery.ui",1351636641773
started,bundle,org.eclipse.wst.sse.ui,1.3.100.v201204260100,"org.eclipse.wst.sse.ui",1351636641775
started,bundle,com.android.ide.eclipse.adt,20.0.3.v201208082019-427395,"com.android.ide.eclipse.adt",1351636641775
started,bundle,com.android.ide.eclipse.base,20.0.3.v201208082019-427395,"com.android.ide.eclipse.base",1351636641775
os,sysinfo,,,"win32",1351636641779
arch,sysinfo,,,"x86_64",1351636641779
ws,sysinfo,,,"win32",1351636641779
locale,sysinfo,,,"en_US",1351636641779
processors,sysinfo,,,"4",1351636641779
java.runtime.name,sysinfo,,,"Java(TM) SE Runtime Environment",1351636641779
java.runtime.version,sysinfo,,,"1.7.0_02-b13",1351636641779
java.specification.name,sysinfo,,,"Java Platform API Specification",1351636641779
java.specification.vendor,sysinfo,,,"Oracle Corporation",1351636641779
java.specification.version,sysinfo,,,"1.7",1351636641779
java.vendor,sysinfo,,,"Oracle Corporation",1351636641779
java.version,sysinfo,,,"1.7.0_02",1351636641779
java.vm.info,sysinfo,,,"mixed mode",1351636641779
java.vm.name,sysinfo,,,"Java HotSpot(TM) 64-Bit Server VM",1351636641779
java.vm.specification.name,sysinfo,,,"Java Virtual Machine Specification",1351636641779
java.vm.specification.vendor,sysinfo,,,"Oracle Corporation",1351636641779
java.vm.specification.version,sysinfo,,,"1.7",1351636641779
java.vm.vendor,sysinfo,,,"Oracle Corporation",1351636641779
java.vm.version,sysinfo,,,"22.0-b10",1351636641779
activated,editor,org.eclipse.jdt.ui,3.8.0.v20120524-1551,"org.eclipse.jdt.ui.CompilationUnitEditor",1351636710139
deactivated,workbench,org.eclipse.ui.workbench,3.103.0.v20120530-1824,"",1351636714428
activated,workbench,org.eclipse.ui.workbench,3.103.0.v20120530-1824,"",1351636719229
opened,editor,org.eclipse.jdt.ui,3.8.0.v20120524-1551,"org.eclipse.jdt.ui.CompilationUnitEditor",1351636719521
activated,editor,org.eclipse.jdt.ui,3.8.0.v20120524-1551,"org.eclipse.jdt.ui.CompilationUnitEditor",1351636719820
deactivated,workbench,org.eclipse.ui.workbench,3.103.0.v20120530-1824,"",1351636722421
executed,command,org.eclipse.ui,3.103.0.v20120521-2329,"org.eclipse.ui.edit.findReplace",1351636722505
activated,workbench,org.eclipse.ui.workbench,3.103.0.v20120530-1824,"",1351636741010
started,bundle,org.eclipse.wb.core.lib,1.5.0.r42x201206111201,"org.eclipse.wb.core.lib",1351636744534
started,bundle,org.eclipse.wb.core,1.5.0.r42x201206111201,"org.eclipse.wb.core",1351636745091
executed,command,org.eclipse.ui,3.103.0.v20120521-2329,"org.eclipse.ui.file.save",1351636745886
activated,editor,org.eclipse.jdt.ui,3.8.0.v20120524-1551,"org.eclipse.jdt.ui.CompilationUnitEditor",1351636746654
deactivated,workbench,org.eclipse.ui.workbench,3.103.0.v20120530-1824,"",1351636752763
activated,workbench,org.eclipse.ui.workbench,3.103.0.v20120530-1824,"",1351636752830
deactivated,workbench,org.eclipse.ui.workbench,3.103.0.v20120530-1824,"",1351636761764
activated,workbench,org.eclipse.ui.workbench,3.103.0.v20120530-1824,"",1351636862564
executed,command,org.eclipse.ui.workbench.texteditor,3.8.0.v20120523-1310,"org.eclipse.ui.edit.text.goto.lineEnd",1351636872051
started,bundle,org.eclipse.pde.api.tools,1.0.400.v20120523-2012,"org.eclipse.pde.api.tools",1351636875781
started,bundle,org.eclipse.pde.api.tools.ui,1.0.400.v20120523-2012,"org.eclipse.pde.api.tools.ui",1351636875783
started,bundle,org.eclipse.mylyn.java.ui,3.8.0.v20120612-0600,"org.eclipse.mylyn.java.ui",1351636875808
started,bundle,org.eclipse.jdt.junit,3.7.100.v20120523-1543,"org.eclipse.jdt.junit",1351636876644
deactivated,workbench,org.eclipse.ui.workbench,3.103.0.v20120530-1824,"",1351636905023
activated,workbench,org.eclipse.ui.workbench,3.103.0.v20120530-1824,"",1351636911974
executed,command,org.eclipse.ui.workbench.texteditor,3.8.0.v20120523-1310,"org.eclipse.ui.edit.text.select.wordPrevious",1351636925291
executed,command,org.eclipse.ui.workbench.texteditor,3.8.0.v20120523-1310,"org.eclipse.ui.edit.text.select.wordPrevious",1351636925634
executed,command,org.eclipse.ui.workbench.texteditor,3.8.0.v20120523-1310,"org.eclipse.ui.edit.text.goto.lineEnd",1351636930826
started,bundle,org.eclipse.jdt.debug,3.7.100.v20120529-1702,"org.eclipse.jdt.debug",1351636944790
started,bundle,org.eclipse.debug.ui,3.8.0.v20120530-1753,"org.eclipse.debug.ui",1351636944893
started,bundle,org.eclipse.jdt.debug.ui,3.6.100.v20120530-1425,"org.eclipse.jdt.debug.ui",1351636945040
executed,command,org.eclipse.ui,3.103.0.v20120521-2329,"org.eclipse.ui.file.save",1351636945154
started,bundle,org.eclipse.wst.sse.core,1.1.700.v201205171812,"org.eclipse.wst.sse.core",1351636945962
started,bundle,org.eclipse.wst.xml.core,1.1.700.v201204241737,"org.eclipse.wst.xml.core",1351636946018
started,bundle,org.eclipse.wst.common.uriresolver,1.2.0.v201203071939,"org.eclipse.wst.common.uriresolver",1351636946103
executed,command,org.eclipse.ui,3.103.0.v20120521-2329,"org.eclipse.ui.file.save",1351637006457
started,bundle,org.eclipse.jdt.junit.core,3.7.100.v20120523-1257,"org.eclipse.jdt.junit.core",1351637008984
started,bundle,com.android.ide.eclipse.ddms,20.0.3.v201208082019-427395,"com.android.ide.eclipse.ddms",1351637010158
started,bundle,com.android.ide.eclipse.traceview,20.0.3.v201208082019-427395,"com.android.ide.eclipse.traceview",1351637011103
deactivated,workbench,org.eclipse.ui.workbench,3.103.0.v20120530-1824,"",1351637017776
activated,workbench,org.eclipse.ui.workbench,3.103.0.v20120530-1824,"",1351637020229
deactivated,workbench,org.eclipse.ui.workbench,3.103.0.v20120530-1824,"",1351637072613
activated,workbench,org.eclipse.ui.workbench,3.103.0.v20120530-1824,"",1351637085296
activated,view,org.eclipse.ui.console,3.5.100.v20120521-2012,"org.eclipse.ui.console.ConsoleView",1351637085404
deactivated,workbench,org.eclipse.ui.workbench,3.103.0.v20120530-1824,"",1351637087726
activated,view,org.eclipse.jdt.ui,3.8.0.v20120524-1551,"org.eclipse.jdt.ui.PackageExplorer",1351637216153
activated,workbench,org.eclipse.ui.workbench,3.103.0.v20120530-1824,"",1351637216169
started,bundle,org.eclipse.mylyn.context.ui,3.8.0.v20120612-0600,"org.eclipse.mylyn.context.ui",1351637219302
started,bundle,org.eclipse.wst.xml.ui,1.1.300.v201205022014,"org.eclipse.wst.xml.ui",1351637229654
started,bundle,org.eclipse.wst.validation,1.2.400.v201204260100,"org.eclipse.wst.validation",1351637230672
started,bundle,org.eclipse.wst.common.project.facet.core,1.4.200.v201103170332,"org.eclipse.wst.common.project.facet.core",1351637230675
started,bundle,org.eclipse.wst.dtd.ui,1.0.700.v201203081826,"org.eclipse.wst.dtd.ui",1351637230771
started,bundle,org.eclipse.wst.common.frameworks,1.2.200.v201203141800,"org.eclipse.wst.common.frameworks",1351637232428
started,bundle,org.eclipse.wst.internet.cache,1.0.600.v201203071939,"org.eclipse.wst.internet.cache",1351637232721
opened,editor,com.android.ide.eclipse.adt,20.0.3.v201208082019-427395,"com.android.ide.eclipse.editors.CommonXmlEditor",1351637233041
started,bundle,org.eclipse.m2e.editor.xml,1.1.0.20120530-0009,"org.eclipse.m2e.editor.xml",1351637233111
activated,editor,com.android.ide.eclipse.adt,20.0.3.v201208082019-427395,"com.android.ide.eclipse.editors.CommonXmlEditor",1351637233289
executed,command,org.eclipse.ui.workbench.texteditor,3.8.0.v20120523-1310,"org.eclipse.ui.edit.text.select.wordNext",1351637236766
executed,command,org.eclipse.ui.workbench.texteditor,3.8.0.v20120523-1310,"org.eclipse.ui.edit.text.select.wordNext",1351637237018
executed,command,org.eclipse.ui.workbench.texteditor,3.8.0.v20120523-1310,"org.eclipse.ui.edit.text.select.wordNext",1351637237355
executed,command,org.eclipse.ui.workbench.texteditor,3.8.0.v20120523-1310,"org.eclipse.ui.edit.text.goto.wordNext",1351637242825
executed,command,org.eclipse.ui.workbench.texteditor,3.8.0.v20120523-1310,"org.eclipse.ui.edit.text.select.wordPrevious",1351637243136
executed,command,org.eclipse.ui.workbench.texteditor,3.8.0.v20120523-1310,"org.eclipse.ui.edit.text.select.wordPrevious",1351637243362
executed,command,org.eclipse.ui.workbench.texteditor,3.8.0.v20120523-1310,"org.eclipse.ui.edit.text.select.wordPrevious",1351637243694
executed,command,org.eclipse.ui,3.103.0.v20120521-2329,"org.eclipse.ui.file.save",1351637247985
deactivated,workbench,org.eclipse.ui.workbench,3.103.0.v20120530-1824,"",1351637266659
activated,workbench,org.eclipse.ui.workbench,3.103.0.v20120530-1824,"",1351637269711
activated,view,org.eclipse.ui.console,3.5.100.v20120521-2012,"org.eclipse.ui.console.ConsoleView",1351637269800
deactivated,workbench,org.eclipse.ui.workbench,3.103.0.v20120530-1824,"",1351637271217
activated,workbench,org.eclipse.ui.workbench,3.103.0.v20120530-1824,"",1351637295192
deactivated,workbench,org.eclipse.ui.workbench,3.103.0.v20120530-1824,"",1351637296518
activated,workbench,org.eclipse.ui.workbench,3.103.0.v20120530-1824,"",1351637938959
activated,editor,org.eclipse.jdt.ui,3.8.0.v20120524-1551,"org.eclipse.jdt.ui.CompilationUnitEditor",1351637941645
opened,editor,org.eclipse.jdt.ui,3.8.0.v20120524-1551,"org.eclipse.jdt.ui.CompilationUnitEditor",1351637951502
activated,editor,org.eclipse.jdt.ui,3.8.0.v20120524-1551,"org.eclipse.jdt.ui.CompilationUnitEditor",1351637951859
executed,command,org.eclipse.ui,3.103.0.v20120521-2329,"org.eclipse.ui.edit.paste",1351637966824
executed,command,org.eclipse.ui,3.103.0.v20120521-2329,"org.eclipse.ui.edit.delete",1351637973735
executed,command,org.eclipse.ui,3.103.0.v20120521-2329,"org.eclipse.ui.file.save",1351637975420
started,bundle,org.eclipse.mylyn.java.tasks,3.8.0.v20120612-0600,"org.eclipse.mylyn.java.tasks",1351637975711
deactivated,workbench,org.eclipse.ui.workbench,3.103.0.v20120530-1824,"",1351637981050
activated,workbench,org.eclipse.ui.workbench,3.103.0.v20120530-1824,"",1351637984126
activated,view,org.eclipse.ui.console,3.5.100.v20120521-2012,"org.eclipse.ui.console.ConsoleView",1351637984176
deactivated,workbench,org.eclipse.ui.workbench,3.103.0.v20120530-1824,"",1351637986877
activated,workbench,org.eclipse.ui.workbench,3.103.0.v20120530-1824,"",1351638080573
activated,editor,org.eclipse.jdt.ui,3.8.0.v20120524-1551,"org.eclipse.jdt.ui.CompilationUnitEditor",1351638081357
deactivated,workbench,org.eclipse.ui.workbench,3.103.0.v20120530-1824,"",1351638096993
activated,workbench,org.eclipse.ui.workbench,3.103.0.v20120530-1824,"",1351638373017
executed,command,org.eclipse.ui.workbench.texteditor,3.8.0.v20120523-1310,"org.eclipse.ui.edit.text.select.wordPrevious",1351638376057
executed,command,org.eclipse.ui.workbench.texteditor,3.8.0.v20120523-1310,"org.eclipse.ui.edit.text.select.wordPrevious",1351638376250
executed,command,org.eclipse.ui.workbench.texteditor,3.8.0.v20120523-1310,"org.eclipse.ui.edit.text.select.wordPrevious",1351638376425
executed,command,org.eclipse.ui.workbench.texteditor,3.8.0.v20120523-1310,"org.eclipse.ui.edit.text.select.wordPrevious",1351638376604
executed,command,org.eclipse.ui.workbench.texteditor,3.8.0.v20120523-1310,"org.eclipse.ui.edit.text.select.wordPrevious",1351638376788
executed,command,org.eclipse.ui.workbench.texteditor,3.8.0.v20120523-1310,"org.eclipse.ui.edit.text.select.wordPrevious",1351638376977
executed,command,org.eclipse.ui.workbench.texteditor,3.8.0.v20120523-1310,"org.eclipse.ui.edit.text.select.wordPrevious",1351638377226
deactivated,workbench,org.eclipse.ui.workbench,3.103.0.v20120530-1824,"",1351638504779
activated,workbench,org.eclipse.ui.workbench,3.103.0.v20120530-1824,"",1351638514075
executed,command,org.eclipse.ui.workbench.texteditor,3.8.0.v20120523-1310,"org.eclipse.ui.edit.text.goto.wordPrevious",1351638515426
executed,command,org.eclipse.ui.workbench.texteditor,3.8.0.v20120523-1310,"org.eclipse.ui.edit.text.select.wordPrevious",1351638515960
executed,command,org.eclipse.ui,3.103.0.v20120521-2329,"org.eclipse.ui.edit.paste",1351638516759
executed,command,org.eclipse.ui,3.103.0.v20120521-2329,"org.eclipse.ui.file.save",1351638522346
deactivated,workbench,org.eclipse.ui.workbench,3.103.0.v20120530-1824,"",1351638527813
activated,workbench,org.eclipse.ui.workbench,3.103.0.v20120530-1824,"",1351638529724
activated,view,org.eclipse.ui.console,3.5.100.v20120521-2012,"org.eclipse.ui.console.ConsoleView",1351638529797
deactivated,workbench,org.eclipse.ui.workbench,3.103.0.v20120530-1824,"",1351638531184
activated,workbench,org.eclipse.ui.workbench,3.103.0.v20120530-1824,"",1351638532066
activated,editor,org.eclipse.jdt.ui,3.8.0.v20120524-1551,"org.eclipse.jdt.ui.CompilationUnitEditor",1351638589652
executed,command,org.eclipse.ui.workbench.texteditor,3.8.0.v20120523-1310,"org.eclipse.ui.edit.text.select.lineStart",1351638594201
executed,command,org.eclipse.ui,3.103.0.v20120521-2329,"org.eclipse.ui.file.save",1351638631679
deactivated,workbench,org.eclipse.ui.workbench,3.103.0.v20120530-1824,"",1351638636635
activated,workbench,org.eclipse.ui.workbench,3.103.0.v20120530-1824,"",1351638636811
executed,command,org.eclipse.ui,3.103.0.v20120521-2329,"org.eclipse.ui.file.save",1351638642648
executed,command,org.eclipse.ui.workbench.texteditor,3.8.0.v20120523-1310,"org.eclipse.ui.edit.text.goto.lineEnd",1351638648006
deactivated,workbench,org.eclipse.ui.workbench,3.103.0.v20120530-1824,"",1351638751402
activated,workbench,org.eclipse.ui.workbench,3.103.0.v20120530-1824,"",1351638752416
executed,command,org.eclipse.ui.workbench.texteditor,3.8.0.v20120523-1310,"org.eclipse.ui.edit.text.select.lineStart",1351638899289
executed,command,org.eclipse.ui,3.103.0.v20120521-2329,"org.eclipse.ui.file.save",1351638901872
deactivated,workbench,org.eclipse.ui.workbench,3.103.0.v20120530-1824,"",1351638907162
activated,workbench,org.eclipse.ui.workbench,3.103.0.v20120530-1824,"",1351638908739
deactivated,workbench,org.eclipse.ui.workbench,3.103.0.v20120530-1824,"",1351638908841
activated,workbench,org.eclipse.ui.workbench,3.103.0.v20120530-1824,"",1351638909630
closed,view,org.eclipse.jdt.ui,3.8.0.v20120524-1551,"org.eclipse.jdt.ui.PackageExplorer",1351638909823
closed,view,org.eclipse.ui.ide,3.8.0.v20120521-2329,"org.eclipse.ui.views.ProblemView",1351638909849
closed,view,org.eclipse.ui.console,3.5.100.v20120521-2012,"org.eclipse.ui.console.ConsoleView",1351638909882
closed,view,org.eclipse.mylyn.tasks.ui,3.8.0.v20120612-0600,"org.eclipse.mylyn.tasks.ui.views.tasks",1351638909922
closed,view,org.eclipse.ui.views,3.6.100.v20120521-2329,"org.eclipse.ui.views.ContentOutline",1351638909946
closed,editor,org.eclipse.jdt.ui,3.8.0.v20120524-1551,"org.eclipse.jdt.ui.CompilationUnitEditor",1351638909980
closed,editor,org.eclipse.jdt.ui,3.8.0.v20120524-1551,"org.eclipse.jdt.ui.CompilationUnitEditor",1351638910124
closed,editor,com.android.ide.eclipse.adt,20.0.3.v201208082019-427395,"com.android.ide.eclipse.editors.CommonXmlEditor",1351638910171
closed,editor,org.eclipse.jdt.ui,3.8.0.v20120524-1551,"org.eclipse.jdt.ui.CompilationUnitEditor",1351638910219
stopped,bundle,org.eclipse.egit.mylyn.ui,2.0.0.201206130900-r,"org.eclipse.egit.mylyn.ui",1351638911013
stopped,bundle,org.eclipse.mylyn.bugzilla.ui,3.8.0.v20120612-0600,"org.eclipse.mylyn.bugzilla.ui",1351638911013
stopped,bundle,org.eclipse.mylyn.context.tasks.ui,3.8.0.v20120612-0600,"org.eclipse.mylyn.context.tasks.ui",1351638911013
activated,perspective,org.eclipse.jdt.ui,,"org.eclipse.jdt.ui.JavaPerspective",1351640015060
started,bundle,org.eclipse.osgi,3.8.0.v20120529-1548,"org.eclipse.osgi",1351640015061
started,bundle,org.eclipse.equinox.simpleconfigurator,1.0.300.v20110815-1744,"org.eclipse.equinox.simpleconfigurator",1351640015062
started,bundle,com.ibm.icu,4.4.2.v20110823,"com.ibm.icu",1351640015063
started,bundle,org.apache.felix.gogo.command,0.8.0.v201108120515,"org.apache.felix.gogo.command",1351640015063
started,bundle,org.apache.felix.gogo.runtime,0.8.0.v201108120515,"org.apache.felix.gogo.runtime",1351640015064
started,bundle,org.apache.felix.gogo.shell,0.8.0.v201110170705,"org.apache.felix.gogo.shell",1351640015065
started,bundle,org.eclipse.compare.core,3.5.200.v20120522-1148,"org.eclipse.compare.core",1351640015143
started,bundle,org.eclipse.core.contenttype,3.4.200.v20120523-2004,"org.eclipse.core.contenttype",1351640015144
started,bundle,org.eclipse.core.databinding.observable,1.4.1.v20120521-2329,"org.eclipse.core.databinding.observable",1351640015210
started,bundle,org.eclipse.core.expressions,3.4.400.v20120523-2004,"org.eclipse.core.expressions",1351640015252
started,bundle,org.eclipse.core.filebuffers,3.5.200.v20120523-1310,"org.eclipse.core.filebuffers",1351640015280
started,bundle,org.eclipse.core.filesystem,1.3.200.v20120522-2012,"org.eclipse.core.filesystem",1351640015304
started,bundle,org.eclipse.core.jobs,3.5.200.v20120521-2346,"org.eclipse.core.jobs",1351640015304
started,bundle,org.eclipse.core.net,1.2.200.v20120522-1148,"org.eclipse.core.net",1351640015358
started,bundle,org.eclipse.core.resources,3.8.0.v20120522-2034,"org.eclipse.core.resources",1351640015419
started,bundle,org.eclipse.core.runtime,3.8.0.v20120521-2346,"org.eclipse.core.runtime",1351640015420
started,bundle,org.eclipse.core.runtime.compatibility,3.2.200.v20120521-2346,"org.eclipse.core.runtime.compatibility",1351640015421
started,bundle,org.eclipse.core.variables,3.2.600.v20120521-2012,"org.eclipse.core.variables",1351640015482
started,bundle,org.eclipse.debug.core,3.7.100.v20120521-2012,"org.eclipse.debug.core",1351640015537
started,bundle,org.eclipse.e4.core.commands,0.10.1.v20120523-1955,"org.eclipse.e4.core.commands",1351640015575
started,bundle,org.eclipse.e4.core.contexts,1.1.0.v20120523-2004,"org.eclipse.e4.core.contexts",1351640015598
started,bundle,org.eclipse.e4.core.di,1.1.0.v20120521-2346,"org.eclipse.e4.core.di",1351640015598
started,bundle,org.eclipse.e4.core.di.extensions,0.11.0.v20120523-2004,"org.eclipse.e4.core.di.extensions",1351640015669
started,bundle,org.eclipse.e4.core.services,1.0.0.v20120521-2346,"org.eclipse.e4.core.services",1351640015691
started,bundle,org.eclipse.e4.ui.bindings,0.10.1.v20120523-1955,"org.eclipse.e4.ui.bindings",1351640015726
started,bundle,org.eclipse.e4.ui.css.swt,0.10.1.v20120523-1955,"org.eclipse.e4.ui.css.swt",1351640015765
started,bundle,org.eclipse.e4.ui.css.swt.theme,0.9.2.v20120523-1955,"org.eclipse.e4.ui.css.swt.theme",1351640015766
started,bundle,org.eclipse.e4.ui.di,0.10.1.v20120523-1955,"org.eclipse.e4.ui.di",1351640015805
started,bundle,org.eclipse.e4.ui.model.workbench,0.10.1.v20120523-1955,"org.eclipse.e4.ui.model.workbench",1351640015806
started,bundle,org.eclipse.e4.ui.services,0.10.1.v20120523-1955,"org.eclipse.e4.ui.services",1351640015828
started,bundle,org.eclipse.e4.ui.workbench,0.10.2.v20120531-1742,"org.eclipse.e4.ui.workbench",1351640015885
started,bundle,org.eclipse.e4.ui.workbench.addons.swt,0.10.1.v20120523-1955,"org.eclipse.e4.ui.workbench.addons.swt",1351640015917
started,bundle,org.eclipse.e4.ui.workbench.renderers.swt,0.10.1.v20120523-1955,"org.eclipse.e4.ui.workbench.renderers.swt",1351640016004
started,bundle,org.eclipse.e4.ui.workbench.swt,0.10.1.v20120525-2014,"org.eclipse.e4.ui.workbench.swt",1351640016060
started,bundle,org.eclipse.emf.common,2.8.0.v20120606-0717,"org.eclipse.emf.common",1351640016062
started,bundle,org.eclipse.emf.ecore,2.8.0.v20120606-0717,"org.eclipse.emf.ecore",1351640016158
started,bundle,org.eclipse.emf.ecore.xmi,2.8.0.v20120606-0717,"org.eclipse.emf.ecore.xmi",1351640016184
started,bundle,org.eclipse.equinox.app,1.3.100.v20120522-1841,"org.eclipse.equinox.app",1351640016185
started,bundle,org.eclipse.equinox.common,3.6.100.v20120522-1841,"org.eclipse.equinox.common",1351640016185
started,bundle,org.eclipse.equinox.console,1.0.0.v20120522-1841,"org.eclipse.equinox.console",1351640016186
started,bundle,org.eclipse.equinox.ds,1.4.0.v20120522-1841,"org.eclipse.equinox.ds",1351640016187
started,bundle,org.eclipse.equinox.event,1.2.200.v20120522-2049,"org.eclipse.equinox.event",1351640016187
started,bundle,org.eclipse.equinox.p2.core,2.2.0.v20120430-0525,"org.eclipse.equinox.p2.core",1351640016188
started,bundle,org.eclipse.equinox.p2.directorywatcher,1.0.300.v20110808-1657,"org.eclipse.equinox.p2.directorywatcher",1351640016189
started,bundle,org.eclipse.equinox.p2.engine,2.2.0.v20120501-1502,"org.eclipse.equinox.p2.engine",1351640016229
started,bundle,org.eclipse.equinox.p2.metadata,2.1.0.v20120430-2001,"org.eclipse.equinox.p2.metadata",1351640016271
started,bundle,org.eclipse.equinox.p2.metadata.repository,1.2.100.v20120524-1717,"org.eclipse.equinox.p2.metadata.repository",1351640016342
started,bundle,org.eclipse.equinox.p2.operations,2.2.0.v20120524-0542,"org.eclipse.equinox.p2.operations",1351640016371
started,bundle,org.eclipse.equinox.p2.reconciler.dropins,1.1.200.v20120301-2145,"org.eclipse.equinox.p2.reconciler.dropins",1351640016372
started,bundle,org.eclipse.equinox.p2.repository,2.2.0.v20120524-1945,"org.eclipse.equinox.p2.repository",1351640016448
started,bundle,org.eclipse.equinox.p2.ui.sdk.scheduler,1.1.0.v20110815-1744,"org.eclipse.equinox.p2.ui.sdk.scheduler",1351640016486
started,bundle,org.eclipse.equinox.p2.updatechecker,1.1.200.v20110808-1657,"org.eclipse.equinox.p2.updatechecker",1351640016554
started,bundle,org.eclipse.equinox.preferences,3.5.0.v20120522-1841,"org.eclipse.equinox.preferences",1351640016555
started,bundle,org.eclipse.equinox.registry,3.5.200.v20120522-1841,"org.eclipse.equinox.registry",1351640016556
started,bundle,org.eclipse.equinox.security,1.1.100.v20120522-1841,"org.eclipse.equinox.security",1351640016666
started,bundle,org.eclipse.equinox.util,1.0.400.v20120522-2049,"org.eclipse.equinox.util",1351640016667
started,bundle,org.eclipse.help,3.6.0.v20120521-2344,"org.eclipse.help",1351640016704
started,bundle,org.eclipse.jdt.apt.core,3.3.500.v20120522-1651,"org.eclipse.jdt.apt.core",1351640016730
started,bundle,org.eclipse.jdt.core,3.8.1.v20120531-0637,"org.eclipse.jdt.core",1351640016764
started,bundle,org.eclipse.jdt.core.manipulation,1.5.0.v20120523-1543,"org.eclipse.jdt.core.manipulation",1351640016781
started,bundle,org.eclipse.jdt.junit,3.7.100.v20120523-1543,"org.eclipse.jdt.junit",1351640016815
started,bundle,org.eclipse.jdt.launching,3.6.100.v20120523-1953,"org.eclipse.jdt.launching",1351640016828
started,bundle,org.eclipse.jdt.ui,3.8.0.v20120524-1551,"org.eclipse.jdt.ui",1351640016828
started,bundle,org.eclipse.jface,3.8.0.v20120521-2329,"org.eclipse.jface",1351640016829
started,bundle,org.eclipse.jsch.core,1.1.400.v20120522-1148,"org.eclipse.jsch.core",1351640016851
started,bundle,org.eclipse.ltk.core.refactoring,3.6.0.v20120523-1543,"org.eclipse.ltk.core.refactoring",1351640016886
started,bundle,org.eclipse.ltk.ui.refactoring,3.7.0.v20120523-1543,"org.eclipse.ltk.ui.refactoring",1351640016909
started,bundle,org.eclipse.pde.launching,3.6.100.v20120605-203027,"org.eclipse.pde.launching",1351640016940
started,bundle,org.eclipse.pde.ui,3.7.0.v20120605-203027,"org.eclipse.pde.ui",1351640017001
started,bundle,org.eclipse.search,3.8.0.v20120523-1540,"org.eclipse.search",1351640017043
started,bundle,org.eclipse.team.core,3.6.100.v20120524-0627,"org.eclipse.team.core",1351640017058
started,bundle,org.eclipse.team.ui,3.6.200.v20120522-1148,"org.eclipse.team.ui",1351640017187
started,bundle,org.eclipse.ui,3.103.0.v20120521-2329,"org.eclipse.ui",1351640017188
started,bundle,org.eclipse.ui.console,3.5.100.v20120521-2012,"org.eclipse.ui.console",1351640017228
started,bundle,org.eclipse.ui.editors,3.8.0.v20120523-1540,"org.eclipse.ui.editors",1351640017228
started,bundle,org.eclipse.ui.forms,3.5.200.v20120521-2329,"org.eclipse.ui.forms",1351640017256
started,bundle,org.eclipse.ui.ide,3.8.0.v20120521-2329,"org.eclipse.ui.ide",1351640017257
started,bundle,org.eclipse.ui.net,1.2.100.v20120522-1148,"org.eclipse.ui.net",1351640017275
started,bundle,org.eclipse.ui.trace,1.0.0.v20120523-2012,"org.eclipse.ui.trace",1351640017310
started,bundle,org.eclipse.ui.views,3.6.100.v20120521-2329,"org.eclipse.ui.views",1351640017338
started,bundle,org.eclipse.ui.views.log,1.0.300.v20120530-1435,"org.eclipse.ui.views.log",1351640017371
started,bundle,org.eclipse.ui.workbench,3.103.0.v20120530-1824,"org.eclipse.ui.workbench",1351640017372
started,bundle,org.eclipse.ui.workbench.texteditor,3.8.0.v20120523-1310,"org.eclipse.ui.workbench.texteditor",1351640017412
started,bundle,org.eclipse.update.configurator,3.3.200.v20120523-1752,"org.eclipse.update.configurator",1351640017413
started,bundle,org.eclipse.epp.mpc.ui,1.1.1.I20110907-0947,"org.eclipse.epp.mpc.ui",1351640017445
started,bundle,org.eclipse.epp.usagedata.gathering,1.3.1.R201106061540,"org.eclipse.epp.usagedata.gathering",1351640017491
started,bundle,org.eclipse.epp.usagedata.recording,1.3.1.R201106061540,"org.eclipse.epp.usagedata.recording",1351640017523
started,bundle,org.eclipse.equinox.event,1.2.100.v20110502,"org.eclipse.equinox.event",1351640017524
started,bundle,org.eclipse.update.core,3.2.500.v20110330,"org.eclipse.update.core",1351640017589
started,bundle,org.eclipse.update.scheduler,3.2.300.v20100512,"org.eclipse.update.scheduler",1351640017645
started,bundle,org.eclipse.egit.core,2.0.0.201206130900-r,"org.eclipse.egit.core",1351640017658
started,bundle,org.eclipse.egit.ui,2.0.0.201206130900-r,"org.eclipse.egit.ui",1351640017742
started,bundle,org.eclipse.jgit,2.0.0.201206130900-r,"org.eclipse.jgit",1351640017743
started,bundle,org.eclipse.m2e.logback.configuration,1.1.0.20120530-0009,"org.eclipse.m2e.logback.configuration",1351640017743
started,bundle,org.eclipse.mylyn.bugzilla.core,3.8.0.v20120612-0600,"org.eclipse.mylyn.bugzilla.core",1351640017799
started,bundle,org.eclipse.mylyn.bugzilla.ui,3.8.0.v20120612-0600,"org.eclipse.mylyn.bugzilla.ui",1351640017854
started,bundle,org.eclipse.mylyn.commons.core,3.8.0.v20120612-0600,"org.eclipse.mylyn.commons.core",1351640017888
started,bundle,org.eclipse.mylyn.commons.net,3.8.0.v20120612-0600,"org.eclipse.mylyn.commons.net",1351640017888
started,bundle,org.eclipse.mylyn.commons.notifications.core,1.0.0.v20120612-0600,"org.eclipse.mylyn.commons.notifications.core",1351640017924
